current_time,next_time,current_scene,current_wet_weight,next_wet_weight,target_wet_weight,target_wet_stable,target_wet_trend,target_alpha,target_recent_vol,target_method,required_reduction,expected_reduction,noise_scope,noise_mean,noise_std,sampled_noise,noisy_expected_reduction,predicted_next_wet_weight,noisy_predicted_next_wet_weight,actual_next_reduction,strategy_type,has_recommendation,hit_reduce_direction,hit_reduce_direction_noisy,signed_error,abs_error,noisy_signed_error,noisy_abs_error
2025-12-20 00:07:38,2025-12-20 02:21:55,刮刀高度_上=30.300-30.400 | 刮刀高度_下=34.300-34.400 | 墨刀高度_上=32.300 | 墨刀高度_下=37.200 | life=网版寿命=551648-1024556,28.6,28.9,28.924999999999997,28.924999999999997,28.924999999999997,1.0,0.37094473981982795,fallback_q35,0.0,0.24693071257992258,scene,-0.04444444444444429,0.4424957278164413,0.0903915615395934,0.337322274119516,28.35306928742008,28.262677725880486,-0.29999999999999716,joint,1,0,0,-0.5469307125799198,0.5469307125799198,-0.6373222741195131,0.6373222741195131
2025-12-20 02:21:55,2025-12-20 03:39:19,刮刀高度_上=30.300-30.400 | 刮刀高度_下=34.300-34.400 | 墨刀高度_上=32.300 | 墨刀高度_下=37.200 | life=网版寿命=551648-1024556,28.9,29.3,28.9,28.9,28.9,1.0,0.3592922335521727,fallback_q35,0.0,0.3215045395842578,scene,-0.010000000000000142,0.4323193264243451,-0.45960522830191575,-0.13810068871765796,28.57849546041574,29.038100688717655,-0.40000000000000213,joint,1,0,0,-0.7215045395842599,0.7215045395842599,-0.26189931128234417,0.26189931128234417
2025-12-20 03:39:19,2025-12-20 05:58:54,刮刀高度_上=30.300-30.400 | 刮刀高度_下=34.300-34.400 | 墨刀高度_上=32.300 | 墨刀高度_下=37.200 | life=网版寿命=551648-1024556,29.3,29.2,28.711501512570806,28.9,28.58666666666667,0.3984090826727812,0.34840908267278115,dual_target,0.5884984874291952,0.6026160358417788,scene,0.027272727272727337,0.42872094991096676,0.3490068768006926,0.9516229126424713,28.69738396415822,28.34837708735753,0.10000000000000142,joint,1,1,1,-0.5026160358417774,0.5026160358417774,-0.8516229126424699,0.8516229126424699
2025-12-20 05:58:54,2025-12-20 08:27:37,刮刀高度_上=30.300-30.400 | 刮刀高度_下=34.300-34.400 | 墨刀高度_上=32.300 | 墨刀高度_下=37.200 | life=网版寿命=551648-1024556,29.2,28.400000000000002,28.70744925506726,28.9,28.58666666666667,0.38547634595933117,0.3354763459593311,dual_target,0.4925507449327391,0.38740394411867296,scene,0.016666666666666607,0.41197356981027555,0.4041544705159444,0.7915584146346173,28.812596055881325,28.40844158536538,0.7999999999999972,joint,1,1,1,0.4125960558813242,0.4125960558813242,0.008441585365379867,0.008441585365379867
2025-12-20 08:27:37,2025-12-20 09:44:49,刮刀高度_上=30.300-30.400 | 刮刀高度_下=34.300-34.400 | 墨刀高度_上=32.300 | 墨刀高度_下=37.200 | life=网版寿命=551648-1024556,28.400000000000002,29.0,28.623075175184464,28.9,28.42,0.42307328163430247,0.37307328163430237,dual_target,0.0,0.2580075155067953,scene,-0.04615384615384599,0.4516897924893286,-0.9274165256562754,-0.6694090101494801,28.14199248449321,29.06940901014948,-0.5999999999999979,joint,1,0,0,-0.8580075155067932,0.8580075155067932,0.0694090101494822,0.0694090101494822
2025-12-20 09:44:49,2025-12-20 12:46:53,刮刀高度_上=30.300-30.400 | 刮刀高度_下=34.300-34.400 | 墨刀高度_上=32.300 | 墨刀高度_下=37.200 | life=网版寿命=551648-1024556,29.0,28.8,28.61721431811487,28.9,28.42,0.41086316273931595,0.3608631627393159,dual_target,0.3827856818851316,0.37399147797136995,scene,0.0,0.46598589800857326,-0.6067972868735984,-0.2328058089022284,28.62600852202863,29.232805808902228,0.1999999999999993,joint,1,1,0,-0.17399147797137066,0.17399147797137066,0.4328058089022277,0.4328058089022277
2025-12-20 12:46:53,2025-12-20 13:42:59,刮刀高度_上=30.300-30.400 | 刮刀高度_下=34.300-34.400 | 墨刀高度_上=32.300 | 墨刀高度_下=37.200 | life=网版寿命=551648-1024556,28.8,28.400000000000002,28.649020368833746,28.875,28.495,0.40531676008879713,0.35531676008879703,dual_target,0.1509796311662548,0.10959697576756249,scene,-0.013333333333333286,0.45294100670568,0.04457082757491695,0.15416780334247943,28.690403024232438,28.645832196657523,0.3999999999999986,joint,1,1,1,0.2904030242324361,0.2904030242324361,0.24583219665751915,0.24583219665751915
2025-12-20 13:42:59,2025-12-20 15:48:59,刮刀高度_上=30.300-30.400 | 刮刀高度_下=34.300-34.400 | 墨刀高度_上=32.300 | 墨刀高度_下=37.200 | life=网版寿命=551648-1024556,28.400000000000002,28.2,28.56798093581304,28.8,28.395000000000003,0.42711342176057854,0.3771134217605785,dual_target,0.0,0.1784718770723853,scene,-0.03749999999999987,0.44843477786630165,-0.17931417664945754,-0.0008422995770722419,28.221528122927616,28.400842299577075,0.20000000000000284,joint,1,1,0,0.02152812292761755,0.02152812292761755,0.20084229957707508,0.20084229957707508
2025-12-20 15:48:59,2025-12-20 17:49:13,刮刀高度_上=30.300-30.400 | 刮刀高度_下=34.300-34.400 | 墨刀高度_上=32.300 | 墨刀高度_下=37.200 | life=网版寿命=551648-1024556,28.2,29.2,28.458641131403603,28.650000000000002,28.295,0.46096093353126477,0.4109609335312647,dual_target,0.0,0.2128575757637972,scene,-0.047058823529411806,0.43672261631224835,-0.05439626899175897,0.15846130677203824,27.9871424242362,28.04153869322796,-1.0,joint,1,0,0,-1.2128575757637972,1.2128575757637972,-1.1584613067720382,1.1584613067720382
2025-12-20 17:49:13,2025-12-20 20:01:28,刮刀高度_上=30.300-30.400 | 刮刀高度_下=34.300-34.400 | 墨刀高度_上=32.300 | 墨刀高度_下=37.200 | life=网版寿命=551648-1024556,29.2,29.8,28.478618527027912,28.700000000000003,28.295,0.45337907908125696,0.4033790790812569,dual_target,0.7213814729720873,0.7734343635016663,scene,0.011111111111111072,0.487498021521784,-0.40474611585218123,0.36868824764948505,28.42656563649833,28.831311752350516,-0.6000000000000014,joint,1,0,0,-1.3734343635016677,1.3734343635016677,-0.9686882476494865,0.9686882476494865
2025-12-20 20:01:28,2025-12-20 21:42:36,刮刀高度_上=30.300-30.400 | 刮刀高度_下=34.300-34.400 | 墨刀高度_上=32.300 | 墨刀高度_下=37.200 | life=网版寿命=551648-1024556,29.8,29.1,28.514297360704745,28.75,28.295,0.48197222132910333,0.43197222132910323,dual_target,1.2857026392952555,0.9024333689670523,scene,0.04210526315789478,0.4923796026747996,0.47510288861387767,1.37753625758093,28.897566631032948,28.42246374241907,0.6999999999999993,joint,1,1,1,-0.202433368967053,0.202433368967053,-0.6775362575809307,0.6775362575809307
2025-12-20 21:42:36,2025-12-20 23:57:06,刮刀高度_上=30.300-30.400 | 刮刀高度_下=34.300-34.400 | 墨刀高度_上=32.300 | 墨刀高度_下=37.200 | life=网版寿命=551648-1024556,29.1,29.0,28.557076684939716,28.8,28.34,0.47190583682546056,0.4219058368254605,dual_target,0.5429233150602855,0.2375781955578526,scene,0.005000000000000071,0.5064336086793604,0.3988999766609864,0.6364781722188391,28.86242180444215,28.46352182778116,0.10000000000000142,joint,1,1,1,-0.13757819555785117,0.13757819555785117,-0.5364781722188376,0.5364781722188376
2025-12-20 23:57:06,2025-12-21 01:43:37,刮刀高度_上=30.300-30.400 | 刮刀高度_下=34.300-34.400 | 墨刀高度_上=32.300 | 墨刀高度_下=37.200 | life=网版寿命=551648-1024556,29.0,29.5,28.5641841640091,28.825,28.34,0.4622353897094783,0.41223538970947826,dual_target,0.43581583599090123,0.10628115606842885,scene,0.0,0.49473417585800994,0.032667642739277726,0.13894879880770658,28.89371884393157,28.861051201192293,-0.5,joint,1,0,0,-0.6062811560684288,0.6062811560684288,-0.6389487988077066,0.6389487988077066
2025-12-21 01:43:37,2025-12-21 03:39:27,刮刀高度_上=30.300-30.400 | 刮刀高度_下=34.300-34.400 | 墨刀高度_上=32.300 | 墨刀高度_下=37.200 | life=网版寿命=551648-1024556,29.5,29.2,28.577025649009848,28.85,28.34,0.46475617452910667,0.41475617452910657,dual_target,0.9229743509901525,0.29214400131401824,scene,0.022727272727272728,0.4944526985206772,0.5800947293963218,0.8722387307103401,29.207855998685982,28.62776126928966,0.3000000000000007,joint,1,1,1,0.007855998685982468,0.007855998685982468,-0.5722387307103394,0.5722387307103394
2025-12-21 03:39:27,2025-12-21 06:04:34,刮刀高度_上=30.300-30.400 | 刮刀高度_下=34.300-34.400 | 墨刀高度_上=32.300 | 墨刀高度_下=37.200 | life=网版寿命=551648-1024556,29.2,29.1,28.58461611905786,28.875,28.34,0.45722639076235366,0.4072263907623536,dual_target,0.6153838809421401,0.5950064564856281,scene,0.008695652173913012,0.48804226784007887,0.23685997180302495,0.8318664282886531,28.60499354351437,28.368133571711347,0.09999999999999787,joint,1,1,1,-0.49500645648563024,0.49500645648563024,-0.7318664282886552,0.7318664282886552
2025-12-21 06:04:34,2025-12-21 08:05:04,刮刀高度_上=30.300-30.400 | 刮刀高度_下=34.300-34.400 | 墨刀高度_上=32.300 | 墨刀高度_下=37.200 | life=网版寿命=551648-1024556,29.1,29.3,28.591506656724135,28.9,28.34,0.44911902986452534,0.39911902986452524,dual_target,0.508493343275866,0.3773978034458002,scene,0.004166666666666726,0.4782600118020411,-0.40679855677327575,-0.02940075332747555,28.722602196554202,29.129400753327477,-0.1999999999999993,joint,1,0,0,-0.5773978034457995,0.5773978034457995,-0.17059924667252374,0.17059924667252374
2025-12-21 08:05:04,2025-12-21 10:05:52,刮刀高度_上=30.300-30.400 | 刮刀高度_下=34.300-34.400 | 墨刀高度_上=32.300 | 墨刀高度_下=37.200 | life=网版寿命=551648-1024556,29.3,29.2,28.623984255105867,28.9,28.403333333333336,0.44426360088429206,0.394263600884292,dual_target,0.6760157448941335,0.7032679165623195,scene,0.012000000000000028,0.4701659281572832,0.18537405465687404,0.8886419712191935,28.596732083437683,28.411358028780807,0.10000000000000142,joint,1,1,1,-0.603267916562318,0.603267916562318,-0.7886419712191921,0.7886419712191921
2025-12-21 10:05:52,2025-12-21 12:11:57,刮刀高度_上=30.300-30.400 | 刮刀高度_下=34.300-34.400 | 墨刀高度_上=32.300 | 墨刀高度_下=37.200 | life=网版寿命=551648-1024556,29.2,30.4,28.620762172342644,28.9,28.403333333333336,0.43777618592478096,0.3877761859247809,dual_target,0.5792378276573551,0.40365425875665034,scene,0.007692307692307665,0.4615384615384611,-0.4348688926903068,-0.031214633933656477,28.79634574124335,29.231214633933657,-1.1999999999999993,joint,1,0,0,-1.6036542587566496,1.6036542587566496,-1.1687853660663428,1.1687853660663428
2025-12-21 12:11:57,2025-12-21 14:13:52,刮刀高度_上=30.300-30.400 | 刮刀高度_下=34.300-34.400 | 墨刀高度_上=32.300 | 墨刀高度_下=37.200 | life=网版寿命=551648-1024556,30.4,30.0,28.653712668329774,28.9,28.403333333333336,0.5041194664357806,0.4541194664357806,dual_target,1.7462873316702243,2.4214061079208555,scene,0.0518518518518518,0.5057963068054686,0.49616876996522136,2.917574877886077,27.978593892079143,27.482425122113924,0.3999999999999986,joint,1,1,1,-2.021406107920857,2.021406107920857,-2.5175748778860783,2.5175748778860783
2025-12-21 14:13:52,2025-12-21 15:51:50,刮刀高度_上=30.300-30.400 | 刮刀高度_下=34.300-34.400 | 墨刀高度_上=32.300 | 墨刀高度_下=37.200 | life=网版寿命=551648-1024556,30.0,30.3,28.663877710941605,28.9,28.403333333333336,0.5245859951844427,0.47458599518444267,dual_target,1.3361222890583946,0.7794343584864868,scene,0.03571428571428571,0.5037107203503991,0.01056606912725036,0.7900004276137371,29.220565641513513,29.209999572386263,-0.3000000000000007,joint,1,0,0,-1.0794343584864876,1.0794343584864876,-1.0900004276137378,1.0900004276137378
2025-12-21 15:51:50,2025-12-21 18:19:53,刮刀高度_上=30.300-30.400 | 刮刀高度_下=34.300-34.400 | 墨刀高度_上=32.300 | 墨刀高度_下=37.200 | life=网版寿命=551648-1024556,30.3,29.5,28.69025,28.924999999999997,28.403333333333336,0.55,0.5106096573922413,dual_target,1.6097500000000018,1.824029244453223,scene,0.04482758620689658,0.4972935072393858,-0.04710326691708843,1.7769259775361346,28.47597075554678,28.523074022463867,0.8000000000000007,joint,1,1,1,-1.0240292444532222,1.0240292444532222,-0.9769259775361339,0.9769259775361339
2025-12-21 18:19:53,2025-12-21 19:35:21,刮刀高度_上=30.300-30.400 | 刮刀高度_下=34.300-34.400 | 墨刀高度_上=32.300 | 墨刀高度_下=37.200 | life=网版寿命=551648-1024556,29.5,29.6,28.730785714285716,28.95,28.462857142857146,0.55,0.5054129476563582,dual_target,0.7692142857142841,0.401709614745016,scene,0.016666666666666666,0.5119136211857965,-0.3319104421815496,0.0697991725634664,29.098290385254984,29.430200827436533,-0.10000000000000142,joint,1,0,0,-0.5017096147450174,0.5017096147450174,-0.16979917256346783,0.16979917256346783
2025-12-21 19:35:21,2025-12-21 21:46:00,刮刀高度_上=30.300-30.400 | 刮刀高度_下=34.300-34.400 | 墨刀高度_上=32.300 | 墨刀高度_下=37.200 | life=网版寿命=551648-1024556,29.6,28.400000000000002,28.744535714285718,28.975,28.462857142857146,0.55,0.5024549109124119,dual_target,0.8554642857142838,0.7558560898307911,scene,0.019354838709677465,0.503804464654313,0.6352766233581144,1.3911327131889055,28.844143910169212,28.208867286811095,1.1999999999999993,joint,1,1,1,0.4441439101692082,0.4441439101692082,-0.19113271318890623,0.19113271318890623
2025-12-21 21:46:00,2025-12-21 23:52:23,刮刀高度_上=30.300-30.400 | 刮刀高度_下=34.300-34.400 | 墨刀高度_上=32.300 | 墨刀高度_下=37.200 | life=网版寿命=551648-1024556,28.400000000000002,29.2,28.671142857142858,28.9,28.391428571428573,0.55,0.513723510976505,dual_target,0.0,0.43556262599467155,scene,-0.018749999999999933,0.5393500139056266,-0.10209547830263765,0.3334671476920339,27.964437374005332,28.06653285230797,-0.7999999999999972,joint,1,0,0,-1.2355626259946688,1.2355626259946688,-1.133467147692031,1.133467147692031
2025-12-21 23:52:23,2025-12-22 01:31:40,刮刀高度_上=30.300-30.400 | 刮刀高度_下=34.300-34.400 | 墨刀高度_上=32.300 | 墨刀高度_下=37.200 | life=网版寿命=551648-1024556,29.2,29.3,28.684892857142856,28.924999999999997,28.391428571428573,0.55,0.5061216944077509,dual_target,0.5151071428571434,0.5272562317739367,scene,0.006060606060606039,0.5493463851454377,-0.22923973470191478,0.2980164970720219,28.672743768226063,28.901983502927976,-0.10000000000000142,joint,1,0,0,-0.6272562317739381,0.6272562317739381,-0.3980164970720233,0.3980164970720233
2025-12-22 01:31:40,2025-12-22 03:48:37,刮刀高度_上=30.300-30.400 | 刮刀高度_下=34.300-34.400 | 墨刀高度_上=32.300 | 墨刀高度_下=37.200 | life=网版寿命=551648-1024556,29.3,28.7,28.6982093428444,28.95,28.391428571428573,0.5492238874452204,0.4992238874452204,dual_target,0.6017906571556004,0.4774611448269993,scene,0.008823529411764727,0.5414401531530205,-0.18183571409489918,0.2956254307321001,28.822538855173,29.0043745692679,0.6000000000000014,joint,1,1,1,0.12253885517300211,0.12253885517300211,0.3043745692679013,0.3043745692679013
2025-12-22 03:48:37,2025-12-22 06:02:49,刮刀高度_上=30.300-30.400 | 刮刀高度_下=34.300-34.400 | 墨刀高度_上=32.300 | 墨刀高度_下=37.200 | life=网版寿命=551648-1024556,28.7,29.3,28.683362115261005,28.9,28.42,0.5486710734604251,0.49867107346042505,dual_target,0.016637884738994302,0.24810258252939452,scene,-0.008571428571428591,0.5432028974104443,0.2805804633393443,0.5286830458687388,28.451897417470605,28.17131695413126,-0.6000000000000014,joint,1,0,0,-0.848102582529396,0.848102582529396,-1.1286830458687402,1.1286830458687402
2025-12-22 06:02:49,2025-12-22 08:22:37,刮刀高度_上=30.300-30.400 | 刮刀高度_下=34.300-34.400 | 墨刀高度_上=32.300 | 墨刀高度_下=37.200 | life=网版寿命=551648-1024556,29.3,29.0,28.68031472990588,28.9,28.42,0.5423223539705849,0.4923223539705849,dual_target,0.61968527009412,0.5135984355110881,scene,0.008333333333333352,0.5448623679425839,0.20745005159330712,0.7210484871043952,28.786401564488912,28.578951512895607,0.3000000000000007,joint,1,1,1,-0.21359843551108737,0.21359843551108737,-0.42104848710439446,0.42104848710439446
2025-12-22 08:22:37,2025-12-22 10:09:38,刮刀高度_上=30.300-30.400 | 刮刀高度_下=34.300-34.400 | 墨刀高度_上=32.300 | 墨刀高度_下=37.200 | life=网版寿命=551648-1024556,29.0,29.3,28.690990300290736,28.924999999999997,28.42,0.5366144560212572,0.4866144560212572,dual_target,0.3090096997092644,0.16952454191800617,scene,0.0,0.5397697206692414,0.2227805664722532,0.39230510839025934,28.830475458081995,28.60769489160974,-0.3000000000000007,joint,1,0,0,-0.46952454191800685,0.46952454191800685,-0.69230510839026,0.69230510839026
2025-12-22 10:09:38,2025-12-22 11:43:34,刮刀高度_上=30.300-30.400 | 刮刀高度_下=34.300-34.400 | 墨刀高度_上=32.300 | 墨刀高度_下=37.200 | life=网版寿命=551648-1024556,29.3,28.8,28.701306786323176,28.95,28.42,0.5307675213644824,0.48076752136448225,dual_target,0.5986932136768246,0.44148375938755774,scene,0.007894736842105282,0.5347806136250088,0.2382894571932026,0.6797732165807604,28.858516240612442,28.62022678341924,0.5,joint,1,1,1,0.05851624061244226,0.05851624061244226,-0.1797732165807604,0.1797732165807604
2025-12-22 11:43:34,2025-12-22 14:06:07,刮刀高度_上=30.300-30.400 | 刮刀高度_下=34.300-34.400 | 墨刀高度_上=32.300 | 墨刀高度_下=37.200 | life=网版寿命=551648-1024556,28.8,29.5,28.67358606229473,28.9,28.42,0.5283042964473557,0.47830429644735556,dual_target,0.12641393770526932,0.1556405141348195,scene,-0.00512820512820511,0.5339493483846272,1.1384031358260778,1.2940436499608974,28.64435948586518,27.505956350039103,-0.6999999999999993,joint,1,0,0,-0.8556405141348188,0.8556405141348188,-1.9940436499608967,1.9940436499608967
2025-12-22 14:06:07,2025-12-22 16:05:59,刮刀高度_上=30.300-30.400 | 刮刀高度_下=34.300-34.400 | 墨刀高度_上=32.300 | 墨刀高度_下=37.200 | life=网版寿命=551648-1024556,29.5,29.5,28.68794640682689,28.9,28.453333333333337,0.525253149612433,0.4752531496124329,dual_target,0.8120535931731112,0.9572790912722217,scene,0.0125,0.5386035183694957,-0.20639655774295018,0.7508825335292715,28.542720908727777,28.74911746647073,0.0,joint,1,0,0,-0.9572790912722217,0.9572790912722217,-0.7508825335292715,0.7508825335292715
2025-12-22 16:05:59,2025-12-22 18:53:59,刮刀高度_上=30.300-30.400 | 刮刀高度_下=34.300-34.400 | 墨刀高度_上=32.300 | 墨刀高度_下=37.200 | life=网版寿命=551648-1024556,29.5,28.2,28.699636508743943,28.924999999999997,28.453333333333337,0.5221975450401558,0.47219754504015576,dual_target,0.8003634912560571,0.5792686225302984,scene,0.012195121951219513,0.5319981303612933,-0.2603170522060048,0.3189515703242936,28.9207313774697,29.181048429675705,1.3000000000000007,joint,1,1,1,0.7207313774697023,0.7207313774697023,0.9810484296757072,0.9810484296757072
2025-12-22 18:53:59,2025-12-22 19:44:45,刮刀高度_上=30.300-30.400 | 刮刀高度_下=34.300-34.400 | 墨刀高度_上=32.300 | 墨刀高度_下=37.200 | life=网版寿命=551648-1024556,28.2,30.200000000000003,28.6636271980693,28.9,28.386666666666667,0.5395335027324054,0.48953350273240537,dual_target,0.0,0.13501501525796072,scene,-0.019047619047619063,0.5624089747463878,-0.4767207048180788,-0.3417056895601181,28.06498498474204,28.541705689560118,-2.0000000000000036,joint,1,0,0,-2.1350150152579643,2.1350150152579643,-1.6582943104398855,1.6582943104398855
2025-12-22 19:44:45,2025-12-22 19:49:30,刮刀高度_上=30.300-30.400 | 刮刀高度_下=34.300-34.400 | 墨刀高度_上=32.300 | 墨刀高度_下=37.200 | life=网版寿命=551648-1024556,30.200000000000003,29.8,28.669,28.9,28.386666666666667,0.55,0.5082379217688965,dual_target,1.5310000000000024,0.6566594960598859,scene,0.027906976744186112,0.6336771907243848,0.4182390867858549,1.074898582845741,29.543340503940115,29.125101417154262,0.40000000000000213,joint,1,1,1,-0.2566594960598838,0.2566594960598838,-0.6748985828457388,0.6748985828457388
2025-12-22 19:49:30,2025-12-22 21:41:23,刮刀高度_上=30.300-30.400 | 刮刀高度_下=34.300-34.400 | 墨刀高度_上=32.300 | 墨刀高度_下=37.200 | life=网版寿命=551648-1024556,29.8,28.9,28.669,28.9,28.386666666666667,0.55,0.5107534980814807,dual_target,1.1310000000000002,0.13366023805713184,scene,0.0181818181818182,0.6296726159726062,0.7290647550999729,0.8627249931571048,29.66633976194287,28.937275006842896,0.9000000000000021,joint,1,1,1,0.7663397619428702,0.7663397619428702,0.03727500684289731,0.03727500684289731
2025-12-22 21:41:23,2025-12-22 23:49:40,刮刀高度_上=30.300-30.400 | 刮刀高度_下=34.300-34.400 | 墨刀高度_上=32.300 | 墨刀高度_下=37.200 | life=网版寿命=551648-1024556,28.9,29.4,28.684,28.9,28.42,0.55,0.507006672140972,dual_target,0.21599999999999753,0.11197980189504675,scene,-0.002222222222222254,0.6371774177796913,-0.07482696905331626,0.03715283284173049,28.788020198104952,28.862847167158268,-0.5,joint,1,0,0,-0.6119798018950467,0.6119798018950467,-0.5371528328417305,0.5371528328417305
2025-12-22 23:49:40,2025-12-23 01:36:11,刮刀高度_上=30.300-30.400 | 刮刀高度_下=34.300-34.400 | 墨刀高度_上=32.300 | 墨刀高度_下=37.200 | life=网版寿命=551648-1024556,29.4,29.2,28.684,28.9,28.42,0.55,0.5025061681929668,dual_target,0.7159999999999975,0.7728283649130236,scene,0.008695652173913012,0.6344549481921032,-0.5243457818906078,0.24848258302241588,28.627171635086974,29.151517416977583,0.1999999999999993,joint,1,1,1,-0.5728283649130244,0.5728283649130244,-0.04848258302241659,0.04848258302241659
2025-12-23 01:36:11,2025-12-23 03:35:58,刮刀高度_上=30.300-30.400 | 刮刀高度_下=34.300-34.400 | 墨刀高度_上=32.300 | 墨刀高度_下=37.200 | life=网版寿命=551648-1024556,29.2,29.5,28.68267760682561,28.9,28.42,0.5472450142200188,0.49724501422001877,dual_target,0.5173223931743891,0.31326869187329043,scene,0.004255319148936155,0.6283912071951815,-0.5138414272890327,-0.20057273541574228,28.88673130812671,29.400572735415743,-0.3000000000000007,joint,1,0,0,-0.6132686918732911,0.6132686918732911,-0.09942726458425843,0.09942726458425843
2025-12-23 03:35:58,2025-12-23 05:55:28,刮刀高度_上=30.300-30.400 | 刮刀高度_下=34.300-34.400 | 墨刀高度_上=32.300 | 墨刀高度_下=37.200 | life=网版寿命=551648-1024556,29.5,28.400000000000002,28.6811421686737,28.9,28.42,0.5440461847368738,0.49404618473687373,dual_target,0.8188578313263015,0.8456585797502046,scene,0.010416666666666666,0.6232440611206996,0.41589475788637104,1.2615533376365757,28.654341420249796,28.238446662363422,1.0999999999999979,joint,1,1,1,0.2543414202497932,0.2543414202497932,-0.16155333763657787,0.16155333763657787
2025-12-23 05:55:28,2025-12-23 06:15:28,刮刀高度_上=30.300-30.400 | 刮刀高度_下=34.300-34.400 | 墨刀高度_上=32.300 | 墨刀高度_下=37.200 | life=网版寿命=551648-1024556,28.400000000000002,29.3,28.666,28.9,28.380000000000003,0.55,0.5017409690268475,dual_target,0.0,0.37084600671994133,scene,-0.01224489795918363,0.6365188017041986,0.4608503564568787,0.83169636317682,28.02915399328006,27.56830363682318,-0.8999999999999986,joint,1,0,0,-1.2708460067199399,1.2708460067199399,-1.7316963631768187,1.7316963631768187
2025-12-23 06:15:28,2025-12-23 08:34:48,刮刀高度_上=30.300-30.400 | 刮刀高度_下=34.300-34.400 | 墨刀高度_上=32.300 | 墨刀高度_下=37.200 | life=网版寿命=551648-1024556,29.3,30.0,28.678470115354273,28.9,28.410909090909097,0.547057856672301,0.4970578566723009,dual_target,0.621529884645728,0.683813835504957,scene,0.006000000000000014,0.6429339001794819,0.3552122921205918,1.0390261276255488,28.616186164495044,28.260973872374453,-0.6999999999999993,joint,1,0,0,-1.3838138355049563,1.3838138355049563,-1.739026127625548,1.739026127625548
2025-12-23 08:34:48,2025-12-23 10:09:25,刮刀高度_上=30.300-30.400 | 刮刀高度_下=34.300-34.400 | 墨刀高度_上=32.300 | 墨刀高度_下=37.200 | life=网版寿命=551648-1024556,30.0,29.4,28.679909090909092,28.9,28.410909090909097,0.55,0.5047811348325532,dual_target,1.3200909090909079,1.8846432105795041,scene,0.0196078431372549,0.643830329568139,-0.40886749103722086,1.4757757195422831,28.115356789420495,28.524224280457716,0.6000000000000014,joint,1,1,1,-1.2846432105795027,1.2846432105795027,-0.8757757195422817,0.8757757195422817
2025-12-23 10:09:25,2025-12-23 12:19:12,刮刀高度_上=30.300-30.400 | 刮刀高度_下=34.300-34.400 | 墨刀高度_上=32.300 | 墨刀高度_下=37.200 | life=网版寿命=551648-1024556,29.4,29.4,28.679909090909092,28.9,28.410909090909097,0.55,0.5007221556005801,dual_target,0.7200909090909065,0.37421333395589046,scene,0.007692307692307665,0.6432627629892164,0.1570330418274379,0.5312463757833283,29.02578666604411,28.86875362421667,0.0,joint,1,0,0,-0.37421333395589046,0.37421333395589046,-0.5312463757833283,0.5312463757833283
2025-12-23 12:19:12,2025-12-23 14:02:12,刮刀高度_上=30.300-30.400 | 刮刀高度_下=34.300-34.400 | 墨刀高度_上=32.300 | 墨刀高度_下=37.200 | life=网版寿命=551648-1024556,29.4,29.7,28.69199117014046,28.924999999999997,28.410909090909097,0.5467555917851571,0.49675559178515705,dual_target,0.7080088298595371,0.5334155592717038,scene,0.007547169811320728,0.637166207576089,0.08189542429946586,0.6153109835711696,28.866584440728296,28.78468901642883,-0.3000000000000007,joint,1,0,0,-0.8334155592717045,0.8334155592717045,-0.9153109835711704,0.9153109835711704
2025-12-23 14:02:12,2025-12-23 16:24:29,刮刀高度_上=30.300-30.400 | 刮刀高度_下=34.300-34.400 | 墨刀高度_上=32.300 | 墨刀高度_下=37.200 | life=网版寿命=551648-1024556,29.7,28.5,28.705558243578754,28.95,28.410909090909097,0.5465667250196031,0.49656672501960303,dual_target,0.9944417564212458,1.1440288768557825,scene,0.01296296296296295,0.6324690876053992,0.15127674020586687,1.2953056170616493,28.555971123144218,28.40469438293835,1.1999999999999993,joint,1,1,1,0.05597112314421682,0.05597112314421682,-0.09530561706164997,0.09530561706164997
2025-12-23 16:24:29,2025-12-23 18:41:56,刮刀高度_上=30.300-30.400 | 刮刀高度_下=34.300-34.400 | 墨刀高度_上=32.300 | 墨刀高度_下=37.200 | life=网版寿命=551648-1024556,28.5,27.900000000000002,28.68025,28.9,28.411666666666672,0.55,0.5012198130764665,dual_target,0.0,0.3579423756440019,scene,-0.00909090909090909,0.6473084770515599,0.5549923260216357,0.9129347016656376,28.142057624356,27.587065298334362,0.5999999999999979,joint,1,1,1,0.24205762435599598,0.24205762435599598,-0.31293470166563975,0.31293470166563975
2025-12-23 18:41:56,2025-12-23 19:42:12,刮刀高度_上=30.300-30.400 | 刮刀高度_下=34.300-34.400 | 墨刀高度_上=32.300 | 墨刀高度_下=37.200 | life=网版寿命=551648-1024556,27.900000000000002,29.5,28.646500000000003,28.9,28.336666666666673,0.55,0.5255315795066812,dual_target,0.0,0.23207053765001032,scene,-0.019642857142857104,0.6462583635427704,0.12485763630371677,0.3569281739537271,27.667929462349992,27.543071826046276,-1.5999999999999979,joint,1,0,0,-1.8320705376500082,1.8320705376500082,-1.956928173953725,1.956928173953725
2025-12-23 19:42:12,2025-12-23 21:35:47,刮刀高度_上=30.300-30.400 | 刮刀高度_下=34.300-34.400 | 墨刀高度_上=32.300 | 墨刀高度_下=37.200 | life=网版寿命=551648-1024556,29.5,29.4,28.646500000000003,28.9,28.336666666666673,0.55,0.5226186010278517,dual_target,0.8534999999999968,0.954401030400685,scene,0.008771929824561403,0.6749348771065784,0.46699437208248007,1.421395402483165,28.545598969599315,28.078604597516836,0.10000000000000142,joint,1,1,1,-0.8544010304006836,0.8544010304006836,-1.3213954024831636,1.3213954024831636
2025-12-23 21:35:47,2025-12-23 23:45:22,刮刀高度_上=30.300-30.400 | 刮刀高度_下=34.300-34.400 | 墨刀高度_上=32.300 | 墨刀高度_下=37.200 | life=网版寿命=551648-1024556,29.4,28.8,28.646500000000003,28.9,28.336666666666673,0.55,0.518893260175278,dual_target,0.7534999999999954,0.5020460517178293,scene,0.006896551724137907,0.6692409671090636,0.05212323354521424,0.5541692852630435,28.89795394828217,28.845830714736955,0.5999999999999979,joint,1,1,1,0.09795394828216852,0.09795394828216852,0.045830714736954326,0.045830714736954326
2025-12-23 23:45:22,2025-12-24 01:33:44,刮刀高度_上=30.300-30.400 | 刮刀高度_下=34.300-34.400 | 墨刀高度_上=32.300 | 墨刀高度_下=37.200 | life=网版寿命=551648-1024556,28.8,29.2,28.646500000000003,28.9,28.336666666666673,0.55,0.5169864601708635,dual_target,0.15349999999999753,0.11855451357225169,scene,-0.003389830508474564,0.6681535654437724,0.1897863265651979,0.30834084013744956,28.681445486427748,28.49165915986255,-0.3999999999999986,joint,1,0,0,-0.5185545135722502,0.5185545135722502,-0.7083408401374481,0.7083408401374481
2025-12-24 01:33:44,2025-12-24 03:51:43,刮刀高度_上=30.300-30.400 | 刮刀高度_下=34.300-34.400 | 墨刀高度_上=32.300 | 墨刀高度_下=37.200 | life=网版寿命=551648-1024556,29.2,29.4,28.659769230769236,28.9,28.366153846153853,0.55,0.5127348931757273,dual_target,0.5402307692307637,0.4463726411325184,scene,0.0033333333333333214,0.664571708362277,0.422869628047843,0.8692422691803614,28.75362735886748,28.330757730819638,-0.1999999999999993,joint,1,0,0,-0.6463726411325177,0.6463726411325177,-1.0692422691803607,1.0692422691803607
2025-12-24 03:51:43,2025-12-24 05:51:35,刮刀高度_上=30.300-30.400 | 刮刀高度_下=34.300-34.400 | 墨刀高度_上=32.300 | 墨刀高度_下=37.200 | life=网版寿命=551648-1024556,29.4,29.5,28.659769230769236,28.9,28.366153846153853,0.55,0.5093021280618045,dual_target,0.740230769230763,0.5865124112141513,scene,0.0065573770491803044,0.6595748388313105,-0.9545459379842269,-0.3680335267700756,28.813487588785847,29.768033526770076,-0.10000000000000142,joint,1,0,0,-0.6865124112141527,0.6865124112141527,0.2680335267700742,0.2680335267700742
2025-12-24 05:51:35,2025-12-24 08:11:04,刮刀高度_上=30.300-30.400 | 刮刀高度_下=34.300-34.400 | 墨刀高度_上=32.300 | 墨刀高度_下=37.200 | life=网版寿命=1026419-1192018,29.5,29.8,29.5,29.5,29.5,1.0,0.0,fallback_q35,0.0,0.25667220514616584,global,-0.0005197505197505198,0.6635832767651944,-0.21264822375764392,0.04402398138852193,29.243327794853833,29.455976018611477,-0.3000000000000007,joint,1,0,0,-0.5566722051461666,0.5566722051461666,-0.34402398138852264,0.34402398138852264
2025-12-24 08:11:04,2025-12-24 12:34:26,刮刀高度_上=30.300-30.400 | 刮刀高度_下=34.300-34.400 | 墨刀高度_上=32.300 | 墨刀高度_下=37.200 | life=网版寿命=763-268175,29.8,29.7,28.669769230769226,29.0,28.266153846153838,0.55,0.699176340153608,dual_target,1.1302307692307743,0.8015778544904597,scene,0.024590163934426288,0.9558543921119189,-0.4250176036006835,0.3765602508897762,28.99842214550954,29.423439749110223,0.10000000000000142,joint,1,1,1,-0.7015778544904583,0.7015778544904583,-0.27656025088977476,0.27656025088977476
2025-12-24 12:34:26,2025-12-24 16:35:36,刮刀高度_上=30.300-30.400 | 刮刀高度_下=34.300-34.400 | 墨刀高度_上=32.300 | 墨刀高度_下=37.200 | life=网版寿命=763-268175,29.7,30.0,28.669769230769226,29.0,28.266153846153838,0.55,0.6953612995131888,dual_target,1.0302307692307728,0.5494393999605413,scene,0.022580645161290356,0.9482444483459629,-0.5832317276066732,-0.03379232764613194,29.15056060003946,29.733792327646132,-0.3000000000000007,joint,1,0,0,-0.849439399960542,0.849439399960542,-0.2662076723538688,0.2662076723538688
2025-12-24 16:35:36,2025-12-24 21:12:26,刮刀高度_上=30.300-30.400 | 刮刀高度_下=34.300-34.400 | 墨刀高度_上=32.300 | 墨刀高度_下=37.200 | life=网版寿命=763-268175,30.0,28.8,28.669769230769226,29.0,28.266153846153838,0.55,0.6951773042720831,dual_target,1.3302307692307735,0.7862580106960777,scene,0.02698412698412703,0.9413273892309213,-0.23201481003020544,0.5542432006658723,29.213741989303923,29.445756799334127,1.1999999999999993,joint,1,1,1,0.4137419893039216,0.4137419893039216,0.645756799334127,0.645756799334127
2025-12-24 21:12:26,2025-12-25 01:18:15,刮刀高度_上=30.300-30.400 | 刮刀高度_下=34.300-34.400 | 墨刀高度_上=32.300 | 墨刀高度_下=37.200 | life=网版寿命=763-268175,28.8,29.4,28.66630769230769,29.0,28.258461538461535,0.55,0.6927929922982156,dual_target,0.13369230769231066,0.1074954937417406,scene,0.007812500000000056,0.9462598558766776,1.4224154497127508,1.5299109434544913,28.69250450625826,27.27008905654551,-0.5999999999999979,joint,1,0,0,-0.7074954937417385,0.7074954937417385,-2.1299109434544894,2.1299109434544894
2025-12-25 01:18:15,2025-12-25 04:37:23,刮刀高度_上=30.300-30.400 | 刮刀高度_下=34.300-34.400 | 墨刀高度_上=32.300 | 墨刀高度_下=37.200 | life=网版寿命=763-268175,29.4,29.4,28.68435714285714,29.0,28.298571428571424,0.55,0.6876050716937135,dual_target,0.715642857142857,0.6179408236028929,scene,0.016923076923076943,0.9417772447337139,-0.7984969656192232,-0.1805561420163303,28.782059176397105,29.580556142016327,0.0,joint,1,0,0,-0.6179408236028929,0.6179408236028929,0.1805561420163303,0.1805561420163303
2025-12-25 04:37:23,2025-12-25 08:44:47,刮刀高度_上=30.300-30.400 | 刮刀高度_下=34.300-34.400 | 墨刀高度_上=32.300 | 墨刀高度_下=37.200 | life=网版寿命=763-268175,29.4,29.7,28.68435714285714,29.0,28.298571428571424,0.55,0.6825319444550595,dual_target,0.715642857142857,0.40532642992402607,scene,0.016666666666666687,0.934617622886548,0.9216366807274545,1.3269631106514805,28.99467357007597,28.07303688934852,-0.3000000000000007,joint,1,0,0,-0.7053264299240267,0.7053264299240267,-1.6269631106514812,1.6269631106514812
2025-12-25 08:44:47,2025-12-25 12:27:23,刮刀高度_上=30.300-30.400 | 刮刀高度_下=34.300-34.400 | 墨刀高度_上=32.300 | 墨刀高度_下=37.200 | life=网版寿命=763-268175,29.7,28.2,28.68435714285714,29.0,28.298571428571424,0.55,0.6790663114625274,dual_target,1.0156428571428577,0.893295836299439,scene,0.020895522388059733,0.9282526215330269,-1.5412327548129972,-0.6479369185135582,28.80670416370056,30.347936918513557,1.5,joint,1,1,0,0.606704163700561,0.606704163700561,2.147936918513558,2.147936918513558
2025-12-25 12:27:23,2025-12-25 15:54:52,刮刀高度_上=30.300-30.400 | 刮刀高度_下=34.300-34.400 | 墨刀高度_上=32.300 | 墨刀高度_下=37.200 | life=网版寿命=763-268175,28.2,29.0,28.661857142857144,29.0,28.248571428571427,0.55,0.6873355525001812,dual_target,0.0,0.190799903738684,scene,-0.0014705882352940864,0.939413560350415,-0.31606612656228633,-0.12526622282360234,28.009200096261317,28.3252662228236,-0.8000000000000007,joint,1,0,0,-0.9907999037386848,0.9907999037386848,-0.6747337771763984,0.6747337771763984
2025-12-25 15:54:52,2025-12-25 19:42:57,刮刀高度_上=30.300-30.400 | 刮刀高度_下=34.300-34.400 | 墨刀高度_上=32.300 | 墨刀高度_下=37.200 | life=网版寿命=763-268175,29.0,30.099999999999998,28.661857142857144,29.0,28.248571428571427,0.55,0.6833724893377505,dual_target,0.33814285714285575,0.23967054696766993,scene,0.010144927536231925,0.937487380017279,0.16272387213130526,0.4023944190989752,28.76032945303233,28.597605580901025,-1.0999999999999979,joint,1,0,0,-1.3396705469676677,1.3396705469676677,-1.502394419098973,1.502394419098973
2025-12-25 19:42:57,2025-12-25 21:38:32,刮刀高度_上=30.300-30.400 | 刮刀高度_下=34.300-34.400 | 墨刀高度_上=32.300 | 墨刀高度_下=37.200 | life=网版寿命=763-268175,30.099999999999998,28.2,28.679,29.0,28.286666666666665,0.55,0.6850371795121966,dual_target,1.4209999999999994,0.9536368396322079,scene,0.025714285714285724,0.939709030085638,0.5765927041304545,1.5302295437626623,29.14636316036779,28.569770456237336,1.8999999999999986,joint,1,1,1,0.9463631603677907,0.9463631603677907,0.3697704562373363,0.3697704562373363
2025-12-25 21:38:32,2025-12-25 23:47:26,刮刀高度_上=30.300-30.400 | 刮刀高度_下=34.300-34.400 | 墨刀高度_上=32.300 | 墨刀高度_下=37.200 | life=网版寿命=763-268175,28.2,29.2,28.657999999999998,29.0,28.239999999999995,0.55,0.69261425495931,dual_target,0.0,0.21874817667968127,scene,-0.001408450704225322,0.9602659487469876,0.6815582157146356,0.9003063923943169,27.981251823320317,27.299693607605683,-1.0,joint,1,0,0,-1.2187481766796813,1.2187481766796813,-1.9003063923943169,1.9003063923943169
2025-12-25 23:47:26,2025-12-26 04:05:48,刮刀高度_上=30.300-30.400 | 刮刀高度_下=34.300-34.400 | 墨刀高度_上=32.300 | 墨刀高度_下=37.200 | life=网版寿命=763-268175,29.2,29.2,28.657999999999998,29.0,28.239999999999995,0.55,0.6879467875575773,dual_target,0.5420000000000016,0.40252511032416755,scene,0.01250000000000003,0.9607487675997535,0.774707378497,1.1772324888211676,28.797474889675833,28.02276751117883,0.0,joint,1,0,0,-0.40252511032416755,0.40252511032416755,-1.1772324888211676,1.1772324888211676
2025-12-26 04:05:48,2025-12-26 07:59:56,刮刀高度_上=30.300-30.400 | 刮刀高度_下=34.300-34.400 | 墨刀高度_上=32.300 | 墨刀高度_下=37.200 | life=网版寿命=763-268175,29.2,28.1,28.657999999999998,29.0,28.239999999999995,0.55,0.6833723791750956,dual_target,0.5420000000000016,0.3109121333786862,scene,0.0123287671232877,0.954146711311578,-0.3204061137144515,-0.009493980335765317,28.889087866621313,29.209493980335765,1.0999999999999979,joint,1,1,0,0.7890878666213117,0.7890878666213117,1.1094939803357633,1.1094939803357633
2025-12-26 07:59:56,2025-12-26 12:19:49,刮刀高度_上=30.300-30.400 | 刮刀高度_下=34.300-34.400 | 墨刀高度_上=32.300 | 墨刀高度_下=37.200 | life=网版寿命=763-268175,28.1,29.9,28.634,29.0,28.186666666666664,0.55,0.6924917969831046,dual_target,0.0,0.2436490254264866,scene,-0.002702702702702645,0.9563405721774518,-0.44486848064680534,-0.20121945522031875,27.856350974573516,28.30121945522032,-1.7999999999999972,joint,1,0,0,-2.043649025426484,2.043649025426484,-1.5987805447796783,1.5987805447796783
2025-12-26 12:19:49,2025-12-26 15:56:43,刮刀高度_上=30.300-30.400 | 刮刀高度_下=34.300-34.400 | 墨刀高度_上=32.300 | 墨刀高度_下=37.200 | life=网版寿命=763-268175,29.9,28.9,28.6518125,29.0,28.22625,0.55,0.6915547139870233,dual_target,1.2481875000000002,1.1795637096161697,scene,0.021333333333333353,0.9721856247080025,0.8554451514377184,2.035008861053888,28.72043629038383,27.86499113894611,1.0,joint,1,1,1,-0.17956370961616974,0.17956370961616974,-1.0350088610538881,1.0350088610538881
2025-12-26 15:56:43,2025-12-26 20:16:28,刮刀高度_上=30.300-30.400 | 刮刀高度_下=34.300-34.400 | 墨刀高度_上=32.300 | 墨刀高度_下=37.200 | life=网版寿命=763-268175,28.9,30.200000000000003,28.6518125,29.0,28.22625,0.55,0.6884439961052154,dual_target,0.24818750000000023,0.13189780166580736,scene,0.007894736842105282,0.9727556027100942,-0.17819761700915768,-0.046299815343350315,28.76810219833419,28.946299815343348,-1.3000000000000043,joint,1,0,0,-1.4318978016658117,1.4318978016658117,-1.253700184656654,1.253700184656654
2025-12-26 20:16:28,2025-12-26 23:57:59,刮刀高度_上=30.300-30.400 | 刮刀高度_下=34.300-34.400 | 墨刀高度_上=32.300 | 墨刀高度_下=37.200 | life=网版寿命=763-268175,30.200000000000003,29.7,28.6518125,29.0,28.22625,0.55,0.6917721100207052,dual_target,1.5481875000000045,1.1939757997332154,scene,0.02467532467532475,0.9774278256353223,-1.2222159845375788,-0.02824018480436341,29.006024200266786,30.228240184804367,0.5000000000000036,joint,1,1,0,-0.6939757997332119,0.6939757997332119,0.528240184804367,0.528240184804367
2025-12-26 23:57:59,2025-12-27 04:14:39,刮刀高度_上=30.300-30.400 | 刮刀高度_下=34.300-34.400 | 墨刀高度_上=32.300 | 墨刀高度_下=37.200 | life=网版寿命=269146-549027,29.7,28.299999999999997,28.733464285714287,29.025,28.37714285714286,0.55,0.6658828036318667,dual_target,0.9665357142857118,0.4966288153753193,scene,-0.006153846153846132,0.8142721002554597,-0.928958006093119,-0.4323291907177997,29.20337118462468,30.132329190717797,1.4000000000000021,joint,1,1,0,0.9033711846246828,0.9033711846246828,1.8323291907178019,1.8323291907178019
2025-12-27 04:14:39,2025-12-27 08:38:58,刮刀高度_上=30.300-30.400 | 刮刀高度_下=34.300-34.400 | 墨刀高度_上=32.300 | 墨刀高度_下=37.200 | life=网版寿命=763-268175,28.299999999999997,28.7,28.6074375,28.95,28.18875,0.55,0.6962968865865691,dual_target,0.0,0.2994326491540877,scene,0.0,0.9949874371066204,-0.9148434735905666,-0.6154108244364789,28.00056735084591,28.915410824436478,-0.40000000000000213,joint,1,0,0,-0.6994326491540899,0.6994326491540899,0.21541082443647674,0.21541082443647674
2025-12-27 08:38:58,2025-12-27 12:30:04,刮刀高度_上=30.300-30.400 | 刮刀高度_下=34.300-34.400 | 墨刀高度_上=32.300 | 墨刀高度_下=37.200 | life=网版寿命=763-268175,28.7,29.2,28.5743125,28.9,28.176250000000003,0.55,0.6949359233051637,dual_target,0.12568749999999795,0.18921501456948492,scene,0.005063291139240533,0.9896807737694596,0.49709372100217,0.6863087355716548,28.510784985430515,28.013691264428346,-0.5,joint,1,0,0,-0.6892150145694849,0.6892150145694849,-1.1863087355716548,1.1863087355716548
2025-12-27 12:30:04,2025-12-27 16:02:10,刮刀高度_上=30.300-30.400 | 刮刀高度_下=34.300-34.400 | 墨刀高度_上=32.300 | 墨刀高度_下=37.200 | life=网版寿命=763-268175,29.2,29.8,28.6324375,28.975,28.21375,0.55,0.6863126109871509,dual_target,0.5675624999999975,0.3975985029602833,scene,0.011250000000000027,0.9850118971362736,0.1515410444878977,0.549139547448181,28.802401497039718,28.650860452551818,-0.6000000000000014,joint,1,0,0,-0.9975985029602847,0.9975985029602847,-1.1491395474481825,1.1491395474481825
2025-12-27 16:02:10,2025-12-27 19:41:49,刮刀高度_上=30.300-30.400 | 刮刀高度_下=34.300-34.400 | 墨刀高度_上=32.300 | 墨刀高度_下=37.200 | life=网版寿命=763-268175,29.8,30.0,28.6686875,29.0,28.26375,0.55,0.6755264151015862,dual_target,1.1313125,0.9859765601136723,scene,0.018518518518518563,0.9810690957545852,0.6959323604655686,1.6819089205792408,28.814023439886327,28.11809107942076,-0.1999999999999993,joint,1,0,0,-1.1859765601136716,1.1859765601136716,-1.88190892057924,1.88190892057924
2025-12-27 19:41:49,2025-12-28 00:05:54,刮刀高度_上=30.300-30.400 | 刮刀高度_下=34.300-34.400 | 墨刀高度_上=32.300 | 墨刀高度_下=37.200 | life=网版寿命=763-268175,30.0,28.400000000000002,28.6686875,29.0,28.26375,0.55,0.6789870672553348,dual_target,1.3313124999999992,0.8446279433740851,scene,0.020731707317073206,0.9752720452086067,-0.3959558548963481,0.448672088477737,29.155372056625914,29.551327911522264,1.5999999999999979,joint,1,1,1,0.7553720566259128,0.7553720566259128,1.151327911522261,1.151327911522261
2025-12-28 00:05:54,2025-12-28 04:01:06,刮刀高度_上=30.300-30.400 | 刮刀高度_下=34.300-34.400 | 墨刀高度_上=32.300 | 墨刀高度_下=37.200 | life=网版寿命=763-268175,28.400000000000002,28.0,28.640875,28.975,28.2325,0.55,0.6792355537661441,dual_target,0.0,0.25076073021883205,scene,0.0012048192771084937,0.9853742455697718,0.15742574776469045,0.4081864779835225,28.14923926978117,27.99181352201648,0.40000000000000213,joint,1,1,1,0.14923926978117008,0.14923926978117008,-0.008186477983520346,0.008186477983520346
2025-12-28 04:01:06,2025-12-28 08:30:02,刮刀高度_上=30.300-30.400 | 刮刀高度_下=34.300-34.400 | 墨刀高度_上=32.300 | 墨刀高度_下=37.200 | life=网版寿命=763-268175,28.0,29.3,28.5743125,28.9,28.176250000000003,0.55,0.6943342134735982,dual_target,0.0,0.36469435165027114,scene,-0.0035714285714285375,0.9804574282994056,0.6097933202665984,0.9744876719168696,27.63530564834973,27.02551232808313,-1.3000000000000007,joint,1,0,0,-1.664694351650272,1.664694351650272,-2.2744876719168703,2.2744876719168703
2025-12-28 08:30:02,2025-12-28 12:15:56,刮刀高度_上=30.300-30.400 | 刮刀高度_下=34.300-34.400 | 墨刀高度_上=32.300 | 墨刀高度_下=37.200 | life=网版寿命=763-268175,29.3,28.5,28.652125,28.975,28.2575,0.55,0.6681118450529074,dual_target,0.6478749999999991,0.4837896266326276,scene,0.011764705882352983,0.9847557791841991,-0.29286608687778615,0.19092353975484144,28.816210373367372,29.10907646024516,0.8000000000000007,joint,1,1,1,0.3162103733673731,0.3162103733673731,0.6090764602451593,0.6090764602451593
2025-12-28 12:15:56,2025-12-28 15:57:41,刮刀高度_上=30.300-30.400 | 刮刀高度_下=34.300-34.400 | 墨刀高度_上=32.300 | 墨刀高度_下=37.200 | life=网版寿命=763-268175,28.5,29.4,28.657750000000004,28.975,28.270000000000003,0.55,0.6647262124363686,dual_target,0.0,0.2456573367073973,scene,0.00232558139534887,0.9828738999989169,0.45127804055633364,0.696935377263731,28.254342663292604,27.80306462273627,-0.8999999999999986,joint,1,0,0,-1.145657336707396,1.145657336707396,-1.5969353772637296,1.5969353772637296
2025-12-28 15:57:41,2025-12-28 20:19:18,刮刀高度_上=30.300-30.400 | 刮刀高度_下=34.300-34.400 | 墨刀高度_上=32.300 | 墨刀高度_下=37.200 | life=网版寿命=763-268175,29.4,29.5,28.657750000000004,28.975,28.270000000000003,0.55,0.6633249580710802,dual_target,0.742249999999995,0.5825194581010495,scene,0.012643678160919557,0.9818823814315958,-0.6372897411849541,-0.054770283083904525,28.81748054189895,29.454770283083903,-0.10000000000000142,joint,1,0,0,-0.682519458101051,0.682519458101051,-0.045229716916096896,0.045229716916096896
2025-12-28 20:19:18,2025-12-29 00:17:38,刮刀高度_上=30.300-30.400 | 刮刀高度_下=34.300-34.400 | 墨刀高度_上=32.300 | 墨刀高度_下=37.200 | life=网版寿命=763-268175,29.5,29.6,28.6715,29.0,28.270000000000003,0.55,0.6621508513926416,dual_target,0.8284999999999982,0.5045840319875192,scene,0.013636363636363669,0.9763314706060991,-0.34082453228971393,0.1637594996978053,28.99541596801248,29.336240500302196,-0.10000000000000142,joint,1,0,0,-0.6045840319875206,0.6045840319875206,-0.2637594996978067,0.2637594996978067
2025-12-29 00:17:38,2025-12-29 00:19:19,刮刀高度_上=30.300-30.400 | 刮刀高度_下=34.300-34.400 | 墨刀高度_上=32.300 | 墨刀高度_下=37.200 | life=网版寿命=763-268175,29.6,29.4,28.6715,29.0,28.270000000000003,0.55,0.6625224052815121,dual_target,0.9284999999999997,0.5723118289605664,scene,0.014606741573033755,0.970873643614175,-0.3560125184787257,0.2162993104818407,29.027688171039436,29.38370068951816,0.20000000000000284,joint,1,1,1,-0.3723118289605636,0.3723118289605636,-0.01629931048183786,0.01629931048183786
2025-12-29 00:19:19,2025-12-29 04:27:48,刮刀高度_上=30.300-30.400 | 刮刀高度_下=34.300-34.400 | 墨刀高度_上=32.300 | 墨刀高度_下=37.200 | life=网版寿命=763-268175,29.4,29.4,28.6715,29.0,28.270000000000003,0.55,0.6348904925260735,dual_target,0.7284999999999968,0.3721509042241482,scene,0.012222222222222238,0.9657268739461117,-1.1426322604533072,-0.770481356229159,29.02784909577585,30.170481356229157,0.0,joint,1,0,0,-0.3721509042241482,0.3721509042241482,0.770481356229159,0.770481356229159
2025-12-29 04:27:48,2025-12-29 07:47:56,刮刀高度_上=30.300-30.400 | 刮刀高度_下=34.300-34.400 | 墨刀高度_上=32.300 | 墨刀高度_下=37.200 | life=网版寿命=763-268175,29.4,31.4,28.6715,29.0,28.270000000000003,0.55,0.6345815550423761,dual_target,0.7284999999999968,0.4159509430294596,scene,0.012087912087912104,0.9604068694614943,0.4797796278730904,0.89573057090255,28.984049056970537,28.504269429097448,-2.0,joint,1,0,0,-2.4159509430294595,2.4159509430294595,-2.89573057090255,2.89573057090255
2025-12-29 07:47:56,2025-12-29 11:53:11,刮刀高度_上=30.300-30.400 | 刮刀高度_下=34.300-34.400 | 墨刀高度_上=32.300 | 墨刀高度_下=37.200 | life=网版寿命=763-268175,31.4,26.9,28.6715,29.0,28.270000000000003,0.55,0.6764047882000837,dual_target,2.728499999999997,1.1939757997332154,scene,0.03369565217391306,0.9771606131512569,-0.42498582639321547,0.76898997334,30.206024200266782,30.63101002666,4.5,joint,1,1,1,3.3060242002667843,3.3060242002667843,3.73101002666,3.73101002666
2025-12-29 11:53:11,2025-12-29 15:40:40,刮刀高度_上=30.300-30.400 | 刮刀高度_下=34.300-34.400 | 墨刀高度_上=32.300 | 墨刀高度_下=37.200 | life=网版寿命=763-268175,26.9,28.8,28.6015,28.975,28.145000000000003,0.55,0.7277319217953822,dual_target,0.0,0.2611927235840486,scene,-0.0150537634408602,1.0785241047011054,-0.0015785552260518011,0.2596141683579968,26.63880727641595,26.640385831642003,-1.9000000000000021,joint,1,0,0,-2.1611927235840507,2.1611927235840507,-2.159614168357999,2.159614168357999
2025-12-29 15:40:40,2025-12-29 20:16:25,刮刀高度_上=30.300-30.400 | 刮刀高度_下=34.300-34.400 | 墨刀高度_上=32.300 | 墨刀高度_下=37.200 | life=网版寿命=763-268175,28.8,30.700000000000003,28.5574375,28.9,28.13875,0.55,0.7293308148570169,dual_target,0.2425625000000018,0.19997799011799872,scene,0.005319148936170251,1.0906144102115003,0.5296283827999875,0.7296063729179862,28.600022009882004,28.070393627082016,-1.9000000000000021,joint,1,0,0,-2.099977990118001,2.099977990118001,-2.6296063729179884,2.6296063729179884
2025-12-29 20:16:25,2025-12-29 23:50:34,刮刀高度_上=30.300-30.400 | 刮刀高度_下=34.300-34.400 | 墨刀高度_上=32.300 | 墨刀高度_下=37.200 | life=网版寿命=763-268175,30.700000000000003,28.9,28.5574375,28.9,28.13875,0.55,0.7462311555409626,dual_target,2.142562500000004,1.4196919288461007,scene,0.0252631578947369,1.1019569598102454,0.5173212950931876,1.9370132239392883,29.280308071153904,28.762986776060714,1.8000000000000043,joint,1,1,1,0.3803080711539035,0.3803080711539035,-0.13701322393928406,0.13701322393928406
2025-12-29 23:50:34,2025-12-30 03:44:50,刮刀高度_上=30.300-30.400 | 刮刀高度_下=34.300-34.400 | 墨刀高度_上=32.300 | 墨刀高度_下=37.200 | life=网版寿命=763-268175,28.9,28.0,28.5574375,28.9,28.13875,0.55,0.7432655985581469,dual_target,0.34256249999999966,0.15221009187448986,scene,0.006250000000000015,1.1117565399702705,0.7459962464993262,0.898206338373816,28.747789908125508,28.001793661626184,0.8999999999999986,joint,1,1,1,0.7477899081255087,0.7477899081255087,0.0017936616261825522,0.0017936616261825522
2025-12-30 03:44:50,2025-12-30 07:46:10,刮刀高度_上=30.300-30.400 | 刮刀高度_下=34.300-34.400 | 墨刀高度_上=32.300 | 墨刀高度_下=37.200 | life=网版寿命=763-268175,28.0,27.400000000000002,28.534937499999998,28.9,28.08875,0.55,0.755230718059058,dual_target,0.0,0.28063542715564793,scene,-0.00309278350515461,1.1097927370578138,-0.11239125891933277,0.16824416823631516,27.719364572844352,27.831755831763687,0.5999999999999979,joint,1,1,1,0.31936457284434994,0.31936457284434994,0.4317558317636827,0.4317558317636827
2025-12-30 07:46:10,2025-12-30 12:21:16,刮刀高度_上=30.300-30.400 | 刮刀高度_下=34.300-34.400 | 墨刀高度_上=32.300 | 墨刀高度_下=37.200 | life=网版寿命=763-268175,27.400000000000002,27.0,28.4955625,28.9,28.00125,0.55,0.7720498283789721,dual_target,0.0,0.3159990094712848,scene,-0.009183673469387704,1.1057444380065518,-0.47724342762977245,-0.16124441815848767,27.08400099052872,27.56124441815849,0.40000000000000213,joint,1,1,0,0.08400099052871735,0.08400099052871735,0.5612444181584898,0.5612444181584898
2025-12-30 12:21:16,2025-12-30 15:50:49,刮刀高度_上=30.300-30.400 | 刮刀高度_下=34.300-34.400 | 墨刀高度_上=32.300 | 墨刀高度_下=37.200 | life=网版寿命=763-268175,27.0,28.400000000000002,28.44775,28.9,27.895000000000003,0.55,0.8093506270461525,dual_target,0.0,0.339617723354691,scene,-0.013131313131313103,1.1008395753404083,-0.10088827457241055,0.23872944878228042,26.660382276645308,26.76127055121772,-1.4000000000000021,joint,1,0,0,-1.739617723354693,1.739617723354693,-1.6387294487822825,1.6387294487822825
2025-12-30 15:50:49,2025-12-30 20:39:12,刮刀高度_上=30.300-30.400 | 刮刀高度_下=34.300-34.400 | 墨刀高度_上=32.300 | 墨刀高度_下=37.200 | life=网版寿命=763-268175,28.400000000000002,28.400000000000002,28.4311875,28.875,27.88875,0.55,0.8140600407832338,dual_target,0.0,0.3677536309776634,scene,0.0010000000000000497,1.1043092863867445,-1.8623390846599734,-1.49458545368231,28.03224636902234,29.89458545368231,0.0,joint,1,0,0,-0.3677536309776634,0.3677536309776634,1.49458545368231,1.49458545368231
2025-12-30 20:39:12,2025-12-31 00:12:09,刮刀高度_上=30.300-30.400 | 刮刀高度_下=34.300-34.400 | 墨刀高度_上=32.300 | 墨刀高度_下=37.200 | life=网版寿命=763-268175,28.400000000000002,27.7,28.387125,28.8,27.8825,0.55,0.8185648645648066,dual_target,0.01287500000000108,0.1876379161245031,scene,0.0009900990099010393,1.0988288139097049,-1.5891387826567005,-1.4015008665321975,28.212362083875497,29.8015008665322,0.7000000000000028,joint,1,1,0,0.5123620838754998,0.5123620838754998,2.1015008665322004,2.1015008665322004
2025-12-31 00:12:09,2025-12-31 03:41:44,刮刀高度_上=30.300-30.400 | 刮刀高度_下=34.300-34.400 | 墨刀高度_上=32.300 | 墨刀高度_下=37.200 | life=网版寿命=763-268175,27.7,28.0,28.3536875,28.775,27.838750000000005,0.55,0.8345507773646851,dual_target,0.0,0.31337998247147936,scene,-0.00588235294117645,1.0956083035403763,-1.4550430313262965,-1.1416630488548172,27.38662001752852,28.841663048854816,-0.3000000000000007,joint,1,0,0,-0.6133799824714801,0.6133799824714801,0.8416630488548165,0.8416630488548165
2025-12-31 03:41:44,2025-12-31 08:07:25,刮刀高度_上=30.300-30.400 | 刮刀高度_下=34.300-34.400 | 墨刀高度_上=32.300 | 墨刀高度_下=37.200 | life=网版寿命=763-268175,28.0,28.0,28.36775,28.775,27.87,0.55,0.8239377631229196,dual_target,0.0,0.37342345536506766,scene,-0.0029126213592232733,1.0906893082460538,-1.090599073906455,-0.7171756185413873,27.626576544634933,28.717175618541386,0.0,joint,1,0,0,-0.37342345536506766,0.37342345536506766,0.7171756185413873,0.7171756185413873
2025-12-31 08:07:25,2025-12-31 12:08:26,刮刀高度_上=30.300-30.400 | 刮刀高度_下=34.300-34.400 | 墨刀高度_上=32.300 | 墨刀高度_下=37.200 | life=网版寿命=269146-549027,28.0,28.1,28.666500000000003,28.95,28.320000000000007,0.55,0.682946324962752,dual_target,0.0,0.33424865376739465,scene,-0.03181818181818179,0.834149737831264,0.3016533845948691,0.6359020383622638,27.665751346232604,27.364097961637736,-0.10000000000000142,joint,1,0,0,-0.4342486537673961,0.4342486537673961,-0.7359020383622652,0.7359020383622652
2025-12-31 12:08:26,2025-12-31 15:45:34,刮刀高度_上=30.300-30.400 | 刮刀高度_下=34.300-34.400 | 墨刀高度_上=32.300 | 墨刀高度_下=37.200 | life=网版寿命=269146-549027,28.1,28.7,28.616500000000002,28.9,28.270000000000003,0.55,0.6956923812097958,dual_target,0.0,0.3138034126086236,scene,-0.029850746268656664,0.8280556123391161,-0.7796377599150762,-0.4658343473064526,27.786196587391377,28.565834347306453,-0.5999999999999979,joint,1,0,0,-0.9138034126086214,0.9138034126086214,-0.13416565269354525,0.13416565269354525
2025-12-31 15:45:34,2025-12-31 20:13:13,刮刀高度_上=30.300-30.400 | 刮刀高度_下=34.300-34.400 | 墨刀高度_上=32.300 | 墨刀高度_下=37.200 | life=网版寿命=269146-549027,28.7,29.3,28.616500000000002,28.9,28.270000000000003,0.55,0.6953894431401366,dual_target,0.08349999999999724,0.16105939677070194,scene,-0.020588235294117626,0.8254337226269753,-0.3327363600329758,-0.17167696326227386,28.538940603229296,28.871676963262274,-0.6000000000000014,joint,1,0,0,-0.7610593967707033,0.7610593967707033,-0.42832303673772754,0.42832303673772754
